{
    "dialogues": {
        "Jose Maria 1": {
            "face": "DialogueFace",
            "name": "Jose Maria",
            "voice": "exampleVoice",
            "dialogue": [
                "*Bzzt... Bip, bip...* Hey, que tal?",
                "Hmm, con que programando... ya veo...",
                "Pues sigue en ello, chaval! Deja de jugar tanto al Sekiro y ponte a estudiar de una maldita vez, escoria!",
                "Adios! *Bip*"
            ],
            "faces": [
                0,
                0,
                0
            ],
            "sounds": [
                " ",
                " ",
                " ",
                " "
            ]
        },
        "Demo dude": {
            "face": "DialogueFace",
            "name": "Insurgent",
            "voice": "exampleVoice",
            "dialogue": [
                "Oh! A new comrade, and it looks like a tough one.",
                "Listen carefully... if you go through this cave you'll find general Spenta's base.",
                "Someone must defeat him and take control over his cuartel. For the rebellion!"
            ],
            "faces": [
                0,
                0,
                0
            ],
            "sounds": [
                " ",
                " ",
                " ",
                " "
            ]
        },
        "First safezone": {
            "face": "nullptr",
            "name": "Player",
            "voice": "exampleVoice",
            "dialogue": [
                "Finally... I reached a rebel base.",
                "It seems there's a shop there...",
                "Maybe I can buy something interesting."
            ],
            "faces": [
                0,
                0,
                0
            ],
            "sounds": [
                " ",
                " ",
                " ",
                " "
            ]
        },
        "Shop 1 53": {
            "face": "nullptr",
            "name": "One-eyed Gronn",
            "voice": "exampleVoice",
            "dialogue": [
                "Oh! Welcome to my shop."
            ],
            "faces": [
                2
            ],
            "sounds": [
                " ",
                " ",
                " ",
                " "
            ]
        },
        "Shop 2 53": {
            "face": "nullptr",
            "name": "One-eyed Gronn",
            "voice": "exampleVoice",
            "dialogue": [
                "Do you want anything else?"
            ],
            "faces": [
                2
            ],
            "sounds": [
                " ",
                " ",
                " ",
                " "
            ]
        },
        "Shop Catalog 53": {
            "face": "nullptr",
            "name": "One-eyed Gronn",
            "voice": "exampleVoice",
            "dialogue": [
                "Have you seen my beautiful guns yet? In this shop we only have killer prices! Hehehe."
            ],
            "faces": [
                0
            ],
            "sounds": [
                " ",
                " ",
                " ",
                " "
            ]
        },
        "Shop Talk 53": {
            "face": "nullptr",
            "name": "One-eyed Gronn",
            "voice": "exampleVoice",
            "dialogue": [
                "Be carefull out there, there is a lot of dangerous crap.",
                "You should buy my stuff to survive.",
                "I mean... It's not like I worry about you but...",
                "I worry about your money! Hahahaha!"
            ],
            "faces": [
                2,
                1,
                2,
                0
            ],
            "sounds": [
                " ",
                " ",
                " ",
                " "
            ]
        },
        "Shop Depot 53": {
            "face": "nullptr",
            "name": "One-eyed Gronn",
            "voice": "exampleVoice",
            "dialogue": [
                "Take a second, choose your prefered weapon and enjoy the music."
            ],
            "faces": [
                0
            ],
            "sounds": [
                " ",
                " ",
                " ",
                " "
            ]
        }
    }
}