{
    "Basic":
    {
      "BasicPistol": 
      {
        "zone": -1,
	      "frame": "BasicFrame",
        "icon": "PistolIcon",
        "price": 0,
        "speed": 100,
        "damage": 10,
        "range": 1000,
        "clip": 12,
        "magazine": 60,
        "cadence": 270,
        "id": 0
      },

      "BasicRifle": {
        "zone": -1,
        "frame": "BasicFrame",
        "icon": "RifleIcon",
        "price": 150,
        "speed": 100,
        "damage": 15,
        "range": 1000,
        "clip": 30,
        "magazine": 120,
        "cadence": 170,
        "id": 3
      },

      "BasicShotgun": {
        "zone": -1,
        "frame": "BasicFrame",
        "icon": "ShotgunIcon",
        "price": 150,
        "speed": 100,
        "damage": 7,
        "range": 60,
        "clip": 3,
        "magazine": 48,
        "cadence": 800,
        "id": 1
      }
    },

    "Common":
    {
      "Gamma Blaster": {
        "zone": 53,
        "frame": "CommonFrame",
        "icon": "ImprovedRifleIcon",
        "price": 120,
        "speed": 100,
        "damage": 3,
        "range": 1000,
        "clip": 6,
        "magazine": 160,
        "cadence": 6,
        "id": 4
      },

      "A4X Shotgun": {
        "zone": 53,
        "frame": "CommonFrame",
        "icon": "ImprovedShotgunIcon",
        "price": 120,
        "speed": 100,
        "damage": 4,
        "range": 60,
        "clip": 3,
        "magazine": 50,
        "cadence": 2,
        "id": 2
      }
    },

    "Rare" :
    {
      "Plasma Sniper": {
        "zone": 53,
        "frame": "RareFrame",
        "icon": "SniperIcon",
        "price": 180,
        "speed": 100,
        "damage": 6,
        "range": 1000,
        "clip": 1,
        "magazine": 30,
        "cadence": 1,
        "id": 5
      },

      "BounceOrbCanon": {
        "zone": 100,
        "frame": "RareFrame",
        "icon": "BounceCannonIcon",
        "price": 1000,
        "speed": 30,
        "damage": 15,
        "range": 1000,
        "clip": 30,
        "magazine": 120,
        "cadence": 200,
        "id": 6
      },

      "GravityCannon": {
        "zone": 100,
        "frame": "RareFrame",
        "icon": "BHCannonIcon",
        "price": 1000,
        "speed": 45,
        "damage": 5,
        "range": 150,
        "clip": 3,
        "magazine": 30,
        "cadence": 400,
        "id": 7
      }
    }
}